{"stats":{"minecraft:used":{"minecraft:cooked_mutton":4,"minecraft:water_bucket":5,"minecraft:iron_shovel":493,"minecraft:stone_pickaxe":154,"minecraft:oak_planks":29,"minecraft:chest":4,"minecraft:wooden_pickaxe":24,"spartanshields:iron_tower_shield":7,"minecraft:torch":9,"minecraft:dirt":137,"minecraft:crafting_table":7,"minecraft:white_bed":8,"minecraft:oak_log":12,"minecraft:dark_oak_planks":9,"minecraft:melon_slice":38,"minecraft:iron_axe":322,"minecraft:iron_pickaxe":578,"travelersbackpack:white_sleeping_bag":5,"minecraft:stone_axe":113,"minecraft:cobblestone":65,"minecraft:furnace":3,"minecraft:bucket":6,"minecraft:cooked_beef":19},"minecraft:crafted":{"hangglider:glider_framework":1,"minecraft:oak_planks":64,"minecraft:crafting_table":4,"minecraft:iron_helmet":1,"spartanshields:iron_tower_shield":1,"hangglider:hang_glider":1,"minecraft:wooden_pickaxe":1,"spartanshields:wooden_tower_shield":1,"minecraft:furnace":1,"minecraft:bucket":1,"hangglider:glider_wing":2,"minecraft:stone_axe":1,"minecraft:cooked_mutton":11,"minecraft:air":0,"travelersbackpack:white_sleeping_bag":1,"minecraft:iron_boots":1,"minecraft:iron_chestplate":1,"minecraft:leather":10,"minecraft:iron_axe":1,"minecraft:stick":20,"minecraft:iron_ingot":85,"minecraft:iron_pickaxe":1,"minecraft:stone_pickaxe":1,"minecraft:chest":4,"minecraft:iron_shovel":1,"minecraft:iron_leggings":1,"minecraft:white_bed":1,"minecraft:dark_oak_planks":52,"minecraft:torch":28},"minecraft:picked_up":{"minecraft:birch_log":6,"minecraft:crafting_table":3,"minecraft:lilac":9,"minecraft:water_bucket":1,"minecraft:brown_mushroom":1,"minecraft:wooden_pickaxe":1,"minecraft:oak_log":111,"minecraft:cornflower":2,"minecraft:dirt":449,"minecraft:string":12,"minecraft:bone":2,"minecraft:apple":3,"minecraft:wheat_seeds":45,"minecraft:rose_bush":2,"minecraft:stone_pickaxe":1,"minecraft:iron_pickaxe":1,"minecraft:bamboo":176,"minecraft:melon_slice":38,"minecraft:birch_sapling":3,"minecraft:oak_planks":37,"minecraft:furnace":2,"minecraft:raw_iron":132,"minecraft:dark_oak_sapling":14,"minecraft:stick":34,"minecraft:white_bed":7,"minecraft:grass_block":1,"minecraft:dark_oak_log":122,"minecraft:spider_eye":1,"biomesoplenty:flowering_oak_sapling":2,"travelersbackpack:white_sleeping_bag":5,"minecraft:arrow":2,"minecraft:rotten_flesh":10,"minecraft:emerald":7,"minecraft:oak_sapling":47,"minecraft:mutton":11,"minecraft:coal":411,"minecraft:white_wool":8,"minecraft:cobblestone":170},"minecraft:dropped":{"minecraft:water_bucket":1,"minecraft:iron_ingot":41,"minecraft:wheat_seeds":2,"minecraft:cooked_beef":1,"minecraft:lilac":6,"tombstone:gift":1,"minecraft:cobblestone":3,"minecraft:grass_block":1,"minecraft:torch":1,"travelersbackpack:white_sleeping_bag":1,"minecraft:arrow":2,"minecraft:wooden_pickaxe":2,"minecraft:stone_pickaxe":2,"minecraft:iron_pickaxe":1,"minecraft:bone":2},"minecraft:mined":{"biomesoplenty:watergrass":1,"minecraft:white_bed":7,"minecraft:light_gray_stained_glass_pane":2,"minecraft:basalt":35,"minecraft:dark_oak_log":122,"minecraft:cornflower":1,"minecraft:powder_snow":3,"minecraft:polished_granite":2,"minecraft:crafting_table":3,"biomesoplenty:bush":2,"minecraft:emerald_ore":7,"minecraft:grass_block":241,"minecraft:melon":7,"minecraft:rose_bush":1,"minecraft:tall_grass":1,"minecraft:cobblestone":2,"travelersbackpack:white_sleeping_bag":5,"minecraft:spruce_leaves":5,"minecraft:furnace":2,"minecraft:birch_log":6,"minecraft:iron_ore":133,"minecraft:lilac":7,"minecraft:stone_brick_stairs":2,"minecraft:grass":23,"minecraft:oak_log":143,"minecraft:coal_ore":359,"minecraft:gravel":2,"minecraft:dirt":250,"minecraft:smooth_basalt":34,"minecraft:cracked_stone_bricks":2,"minecraft:bamboo":24,"minecraft:stone":174,"minecraft:stone_bricks":1,"minecraft:cake":1,"minecraft:oak_leaves":5,"minecraft:fern":6},"minecraft:broken":{"minecraft:stone_axe":1},"minecraft:killed_by":{"minecraft:zombie":1},"minecraft:killed":{"minecraft:spider":2,"minecraft:sheep":8,"minecraft:skeleton":2,"minecraft:zombie":7,"minecraft:enderman":2},"minecraft:custom":{"minecraft:interact_with_furnace":18,"spartanshields:shield_bash_hits":8,"minecraft:mob_kills":22,"minecraft:interact_with_crafting_table":14,"minecraft:leave_game":4,"minecraft:time_since_death":96085,"minecraft:sleep_in_bed":13,"minecraft:climb_one_cm":2271,"minecraft:time_since_rest":12334,"minecraft:sprint_one_cm":319963,"minecraft:damage_taken":2244,"minecraft:walk_one_cm":304208,"minecraft:damage_blocked_by_shield":255,"minecraft:drop":22,"minecraft:damage_dealt":3493,"minecraft:swim_one_cm":5339,"minecraft:fly_one_cm":998422,"minecraft:open_chest":24,"minecraft:crouch_one_cm":3994,"minecraft:play_time":264962,"tombstone:undead_killed":9,"minecraft:deaths":1,"minecraft:sneak_time":2137,"minecraft:walk_under_water_one_cm":8534,"minecraft:jump":3976,"minecraft:walk_on_water_one_cm":20042,"minecraft:total_world_time":264962,"minecraft:fall_one_cm":95966}},"DataVersion":3465}