{"stats":{"minecraft:custom":{"minecraft:interact_with_furnace":13,"spartanshields:shield_bash_hits":8,"minecraft:mob_kills":22,"minecraft:interact_with_crafting_table":12,"minecraft:leave_game":4,"minecraft:time_since_death":54550,"minecraft:sleep_in_bed":10,"minecraft:climb_one_cm":1223,"minecraft:time_since_rest":9156,"minecraft:sprint_one_cm":253582,"minecraft:damage_taken":2054,"minecraft:walk_one_cm":226185,"minecraft:damage_blocked_by_shield":240,"minecraft:drop":21,"minecraft:damage_dealt":3493,"minecraft:swim_one_cm":5339,"minecraft:fly_one_cm":742863,"minecraft:open_chest":9,"minecraft:crouch_one_cm":2337,"minecraft:play_time":223427,"tombstone:undead_killed":9,"minecraft:deaths":1,"minecraft:sneak_time":1300,"minecraft:walk_under_water_one_cm":8534,"minecraft:jump":3411,"minecraft:walk_on_water_one_cm":20042,"minecraft:total_world_time":223427,"minecraft:fall_one_cm":84485},"minecraft:mined":{"biomesoplenty:watergrass":1,"minecraft:white_bed":6,"minecraft:light_gray_stained_glass_pane":2,"minecraft:basalt":35,"minecraft:dark_oak_log":122,"minecraft:powder_snow":3,"minecraft:polished_granite":2,"minecraft:crafting_table":3,"biomesoplenty:bush":1,"minecraft:emerald_ore":7,"minecraft:grass_block":5,"minecraft:melon":7,"travelersbackpack:white_sleeping_bag":5,"minecraft:cobblestone":1,"minecraft:spruce_leaves":5,"minecraft:furnace":1,"minecraft:iron_ore":133,"minecraft:lilac":6,"minecraft:stone_brick_stairs":2,"minecraft:grass":6,"minecraft:oak_log":17,"minecraft:coal_ore":359,"minecraft:gravel":2,"minecraft:dirt":5,"minecraft:smooth_basalt":34,"minecraft:cracked_stone_bricks":2,"minecraft:bamboo":24,"minecraft:stone":174,"minecraft:stone_bricks":1,"minecraft:cake":1,"minecraft:oak_leaves":2,"minecraft:fern":3},"minecraft:dropped":{"minecraft:water_bucket":1,"minecraft:iron_ingot":41,"minecraft:wheat_seeds":2,"minecraft:cooked_beef":1,"minecraft:lilac":6,"tombstone:gift":1,"minecraft:cobblestone":3,"minecraft:grass_block":1,"minecraft:torch":1,"travelersbackpack:white_sleeping_bag":1,"minecraft:arrow":2,"minecraft:wooden_pickaxe":2,"minecraft:stone_pickaxe":2,"minecraft:bone":2},"minecraft:killed":{"minecraft:spider":2,"minecraft:skeleton":2,"minecraft:sheep":8,"minecraft:zombie":7,"minecraft:enderman":2},"minecraft:picked_up":{"minecraft:crafting_table":3,"minecraft:lilac":6,"minecraft:water_bucket":1,"minecraft:wooden_pickaxe":1,"minecraft:oak_log":17,"minecraft:dirt":6,"minecraft:string":12,"minecraft:bone":2,"minecraft:wheat_seeds":2,"minecraft:stone_pickaxe":1,"minecraft:bamboo":176,"minecraft:melon_slice":38,"minecraft:oak_planks":37,"minecraft:furnace":1,"minecraft:dark_oak_sapling":14,"minecraft:stick":6,"minecraft:raw_iron":132,"minecraft:white_bed":6,"minecraft:grass_block":1,"minecraft:dark_oak_log":122,"minecraft:spider_eye":1,"biomesoplenty:flowering_oak_sapling":2,"travelersbackpack:white_sleeping_bag":5,"minecraft:arrow":2,"minecraft:rotten_flesh":10,"minecraft:emerald":7,"minecraft:mutton":11,"minecraft:coal":411,"minecraft:white_wool":8,"minecraft:cobblestone":169},"minecraft:used":{"minecraft:water_bucket":5,"minecraft:stone_pickaxe":154,"minecraft:oak_planks":29,"minecraft:wooden_pickaxe":24,"spartanshields:iron_tower_shield":6,"minecraft:torch":9,"minecraft:dirt":5,"minecraft:crafting_table":6,"minecraft:white_bed":6,"minecraft:oak_log":1,"minecraft:dark_oak_planks":9,"minecraft:melon_slice":32,"minecraft:iron_axe":161,"minecraft:iron_pickaxe":576,"travelersbackpack:white_sleeping_bag":5,"minecraft:stone_axe":113,"minecraft:cobblestone":36,"minecraft:furnace":1,"minecraft:bucket":6,"minecraft:cooked_beef":19},"minecraft:broken":{"minecraft:stone_axe":1},"minecraft:crafted":{"hangglider:glider_framework":1,"minecraft:oak_planks":64,"minecraft:crafting_table":3,"hangglider:hang_glider":1,"spartanshields:iron_tower_shield":1,"minecraft:wooden_pickaxe":1,"minecraft:iron_helmet":1,"spartanshields:wooden_tower_shield":1,"minecraft:furnace":1,"minecraft:bucket":1,"hangglider:glider_wing":2,"minecraft:stone_axe":1,"minecraft:air":0,"travelersbackpack:white_sleeping_bag":1,"minecraft:iron_boots":1,"minecraft:iron_chestplate":1,"minecraft:leather":10,"minecraft:iron_axe":1,"minecraft:stick":20,"minecraft:iron_ingot":84,"minecraft:iron_pickaxe":1,"minecraft:stone_pickaxe":1,"minecraft:iron_leggings":1,"minecraft:white_bed":1,"minecraft:dark_oak_planks":12,"minecraft:torch":28},"minecraft:killed_by":{"minecraft:zombie":1}},"DataVersion":3465}