{"stats":{"minecraft:used":{"minecraft:iron_shovel":519,"minecraft:chest":9,"minecraft:torch":9,"minecraft:dirt":224,"minecraft:anvil":1,"minecraft:dark_oak_planks":9,"minecraft:iron_axe":3093,"minecraft:basalt":6,"minecraft:furnace":3,"minecraft:cooked_beef":19,"minecraft:cooked_mutton":9,"minecraft:water_bucket":5,"minecraft:stone_pickaxe":154,"minecraft:oak_planks":29,"minecraft:wooden_pickaxe":24,"spartanshields:iron_tower_shield":7,"minecraft:crafting_table":7,"minecraft:white_bed":8,"minecraft:oak_log":12,"minecraft:dark_oak_log":2,"minecraft:melon_slice":38,"minecraft:iron_pickaxe":2082,"travelersbackpack:white_sleeping_bag":5,"minecraft:stone_axe":113,"minecraft:cobblestone":65,"minecraft:bucket":6},"minecraft:crafted":{"hangglider:glider_framework":1,"minecraft:oak_planks":64,"hangglider:hang_glider":1,"spartanshields:wooden_tower_shield":1,"minecraft:furnace":1,"hangglider:glider_wing":2,"minecraft:cooked_mutton":12,"travelersbackpack:white_sleeping_bag":1,"minecraft:iron_boots":1,"minecraft:leather":10,"minecraft:iron_axe":1,"minecraft:stone_pickaxe":1,"minecraft:chest":8,"minecraft:dark_oak_planks":88,"minecraft:crafting_table":4,"spartanshields:iron_tower_shield":1,"minecraft:wooden_pickaxe":1,"minecraft:iron_helmet":1,"minecraft:bucket":1,"minecraft:stone_axe":1,"minecraft:air":0,"minecraft:iron_chestplate":1,"minecraft:stick":20,"minecraft:iron_ingot":133,"minecraft:iron_pickaxe":1,"minecraft:iron_block":3,"minecraft:iron_shovel":1,"minecraft:iron_leggings":1,"minecraft:anvil":1,"minecraft:white_bed":1,"minecraft:torch":28},"minecraft:picked_up":{"minecraft:crafting_table":3,"minecraft:brown_mushroom":1,"minecraft:wooden_pickaxe":1,"minecraft:cornflower":3,"minecraft:string":12,"minecraft:rose_bush":2,"minecraft:iron_pickaxe":1,"minecraft:melon_slice":38,"minecraft:chest":1,"minecraft:birch_sapling":3,"minecraft:furnace":2,"minecraft:dark_oak_sapling":160,"minecraft:stick":133,"minecraft:raw_iron":133,"minecraft:arrow":2,"minecraft:rotten_flesh":10,"minecraft:mutton":12,"minecraft:white_wool":9,"minecraft:cobblestone":265,"minecraft:birch_log":6,"minecraft:lilac":9,"minecraft:basalt":559,"minecraft:water_bucket":1,"minecraft:red_mushroom":1,"minecraft:oak_log":111,"minecraft:dirt":462,"minecraft:bone":2,"minecraft:apple":30,"minecraft:wheat_seeds":51,"minecraft:stone_pickaxe":1,"minecraft:bamboo":176,"minecraft:oak_planks":37,"minecraft:smooth_basalt":654,"minecraft:white_bed":7,"minecraft:grass_block":1,"minecraft:dark_oak_log":2470,"minecraft:spider_eye":1,"biomesoplenty:flowering_oak_sapling":2,"travelersbackpack:white_sleeping_bag":5,"minecraft:emerald":7,"minecraft:oak_sapling":48,"minecraft:coal":441},"minecraft:dropped":{"minecraft:water_bucket":1,"minecraft:iron_ingot":41,"minecraft:wheat_seeds":8,"minecraft:cooked_beef":1,"minecraft:lilac":6,"minecraft:dark_oak_sapling":8,"minecraft:cobblestone":3,"minecraft:grass_block":1,"minecraft:red_mushroom":1,"minecraft:dirt":55,"minecraft:torch":1,"minecraft:cornflower":1,"minecraft:iron_pickaxe":1,"minecraft:bone":2,"tombstone:gift":1,"travelersbackpack:white_sleeping_bag":1,"minecraft:oak_sapling":1,"minecraft:arrow":2,"minecraft:stone_pickaxe":2,"minecraft:wooden_pickaxe":2},"minecraft:mined":{"biomesoplenty:watergrass":1,"minecraft:white_bed":7,"minecraft:light_gray_stained_glass_pane":2,"minecraft:dark_oak_log":2825,"biomesoplenty:bush":2,"minecraft:grass_block":251,"travelersbackpack:white_sleeping_bag":5,"minecraft:spruce_leaves":5,"minecraft:red_mushroom":1,"minecraft:magma_block":4,"minecraft:furnace":2,"minecraft:iron_ore":134,"minecraft:bamboo":24,"minecraft:stone":269,"minecraft:cake":1,"minecraft:basalt":615,"minecraft:polished_granite":2,"minecraft:powder_snow":3,"minecraft:crafting_table":3,"minecraft:cornflower":2,"minecraft:emerald_ore":7,"minecraft:melon":7,"minecraft:chest":1,"minecraft:rose_bush":1,"minecraft:tall_grass":2,"minecraft:cobblestone":2,"minecraft:birch_log":6,"minecraft:lilac":7,"minecraft:stone_brick_stairs":2,"minecraft:grass":36,"minecraft:coal_ore":389,"minecraft:oak_log":143,"minecraft:dirt":254,"minecraft:gravel":2,"minecraft:cracked_stone_bricks":2,"minecraft:smooth_basalt":828,"minecraft:stone_bricks":1,"minecraft:oak_leaves":6,"minecraft:fern":6},"minecraft:broken":{"minecraft:stone_axe":1},"minecraft:killed_by":{"minecraft:zombie":1},"minecraft:killed":{"minecraft:spider":2,"minecraft:skeleton":2,"minecraft:sheep":9,"minecraft:zombie":7,"minecraft:enderman":2},"minecraft:custom":{"minecraft:mob_kills":23,"minecraft:interact_with_anvil":6,"minecraft:interact_with_crafting_table":18,"minecraft:leave_game":4,"minecraft:time_since_death":144085,"minecraft:climb_one_cm":2271,"minecraft:sprint_one_cm":377913,"minecraft:walk_one_cm":428308,"minecraft:damage_blocked_by_shield":255,"minecraft:drop":40,"minecraft:play_time":312962,"minecraft:deaths":1,"minecraft:sneak_time":2432,"minecraft:walk_under_water_one_cm":8534,"minecraft:jump":4388,"minecraft:walk_on_water_one_cm":20042,"minecraft:total_world_time":312962,"minecraft:interact_with_furnace":24,"spartanshields:shield_bash_hits":8,"minecraft:sleep_in_bed":17,"minecraft:time_since_rest":2188,"minecraft:damage_taken":2274,"minecraft:damage_dealt":3573,"minecraft:swim_one_cm":5339,"minecraft:fly_one_cm":1059260,"minecraft:open_chest":53,"minecraft:crouch_one_cm":4518,"tombstone:undead_killed":9,"minecraft:fall_one_cm":99689}},"DataVersion":3465}