{"stats":{"minecraft:custom":{"minecraft:interact_with_furnace":11,"spartanshields:shield_bash_hits":3,"minecraft:mob_kills":16,"minecraft:interact_with_crafting_table":11,"minecraft:leave_game":3,"minecraft:time_since_death":163516,"minecraft:sleep_in_bed":6,"minecraft:climb_one_cm":1179,"minecraft:time_since_rest":2468,"minecraft:sprint_one_cm":155322,"minecraft:damage_taken":1276,"minecraft:walk_one_cm":130370,"minecraft:damage_blocked_by_shield":60,"minecraft:drop":15,"minecraft:damage_dealt":2518,"minecraft:swim_one_cm":5339,"minecraft:fly_one_cm":309611,"minecraft:open_chest":1,"minecraft:crouch_one_cm":2337,"minecraft:play_time":163516,"tombstone:undead_killed":4,"minecraft:sneak_time":1293,"minecraft:walk_under_water_one_cm":5892,"minecraft:jump":1778,"minecraft:walk_on_water_one_cm":15463,"minecraft:total_world_time":163516,"minecraft:fall_one_cm":58183},"minecraft:mined":{"minecraft:white_bed":2,"minecraft:dark_oak_log":122,"minecraft:polished_granite":2,"minecraft:crafting_table":3,"minecraft:emerald_ore":6,"minecraft:grass_block":3,"minecraft:melon":7,"travelersbackpack:white_sleeping_bag":5,"minecraft:cobblestone":1,"minecraft:furnace":1,"minecraft:iron_ore":129,"minecraft:lilac":6,"minecraft:stone_brick_stairs":2,"minecraft:grass":4,"minecraft:oak_log":17,"minecraft:coal_ore":357,"minecraft:gravel":2,"minecraft:dirt":3,"minecraft:cracked_stone_bricks":2,"minecraft:bamboo":24,"minecraft:stone":174,"minecraft:stone_bricks":1,"minecraft:cake":1,"minecraft:oak_leaves":1,"minecraft:fern":3},"minecraft:dropped":{"minecraft:water_bucket":1,"minecraft:iron_ingot":1,"minecraft:wheat_seeds":2,"minecraft:cooked_beef":1,"minecraft:cobblestone":3,"travelersbackpack:white_sleeping_bag":1,"minecraft:arrow":2,"minecraft:wooden_pickaxe":2,"minecraft:stone_pickaxe":2},"minecraft:killed":{"minecraft:spider":2,"minecraft:skeleton":2,"minecraft:sheep":8,"minecraft:zombie":2,"minecraft:enderman":2},"minecraft:picked_up":{"minecraft:crafting_table":3,"minecraft:lilac":6,"minecraft:water_bucket":1,"minecraft:wooden_pickaxe":1,"minecraft:oak_log":17,"minecraft:dirt":6,"minecraft:string":12,"minecraft:bone":2,"minecraft:wheat_seeds":2,"minecraft:stone_pickaxe":1,"minecraft:bamboo":176,"minecraft:melon_slice":38,"minecraft:furnace":1,"minecraft:dark_oak_sapling":14,"minecraft:stick":6,"minecraft:raw_iron":128,"minecraft:white_bed":2,"minecraft:grass_block":1,"minecraft:dark_oak_log":122,"minecraft:spider_eye":1,"travelersbackpack:white_sleeping_bag":5,"minecraft:arrow":2,"minecraft:rotten_flesh":1,"minecraft:emerald":6,"minecraft:mutton":11,"minecraft:coal":409,"minecraft:white_wool":8,"minecraft:cobblestone":169},"minecraft:used":{"minecraft:water_bucket":5,"minecraft:stone_pickaxe":154,"minecraft:wooden_pickaxe":24,"spartanshields:iron_tower_shield":2,"minecraft:torch":6,"minecraft:dirt":5,"minecraft:crafting_table":5,"minecraft:white_bed":2,"minecraft:oak_log":1,"minecraft:iron_axe":119,"minecraft:iron_pickaxe":500,"travelersbackpack:white_sleeping_bag":5,"minecraft:stone_axe":113,"minecraft:cobblestone":14,"minecraft:furnace":1,"minecraft:bucket":6,"minecraft:cooked_beef":17},"minecraft:broken":{"minecraft:stone_axe":1},"minecraft:crafted":{"minecraft:oak_planks":64,"minecraft:crafting_table":2,"spartanshields:iron_tower_shield":1,"minecraft:wooden_pickaxe":1,"minecraft:iron_helmet":1,"spartanshields:wooden_tower_shield":1,"minecraft:furnace":1,"minecraft:bucket":1,"minecraft:stone_axe":1,"minecraft:air":0,"travelersbackpack:white_sleeping_bag":1,"minecraft:iron_boots":1,"minecraft:iron_chestplate":1,"minecraft:leather":1,"minecraft:iron_axe":1,"minecraft:stick":12,"minecraft:iron_ingot":84,"minecraft:iron_pickaxe":1,"minecraft:stone_pickaxe":1,"minecraft:iron_leggings":1,"minecraft:white_bed":1,"minecraft:torch":28}},"DataVersion":3465}