{"stats":{"minecraft:custom":{"minecraft:interact_with_furnace":11,"spartanshields:shield_bash_hits":7,"minecraft:mob_kills":21,"minecraft:interact_with_crafting_table":11,"minecraft:leave_game":3,"minecraft:time_since_death":6639,"minecraft:sleep_in_bed":7,"minecraft:climb_one_cm":1195,"minecraft:time_since_rest":879,"minecraft:sprint_one_cm":174676,"minecraft:damage_taken":1628,"minecraft:walk_one_cm":157846,"minecraft:damage_blocked_by_shield":195,"minecraft:drop":19,"minecraft:damage_dealt":3302,"minecraft:swim_one_cm":5339,"minecraft:fly_one_cm":343379,"minecraft:open_chest":5,"minecraft:crouch_one_cm":2337,"minecraft:play_time":175516,"tombstone:undead_killed":8,"minecraft:deaths":1,"minecraft:sneak_time":1294,"minecraft:walk_under_water_one_cm":7818,"minecraft:jump":2051,"minecraft:walk_on_water_one_cm":18012,"minecraft:total_world_time":175516,"minecraft:fall_one_cm":64487},"minecraft:mined":{"biomesoplenty:watergrass":1,"minecraft:white_bed":2,"minecraft:basalt":35,"minecraft:dark_oak_log":122,"minecraft:polished_granite":2,"minecraft:crafting_table":3,"minecraft:emerald_ore":7,"minecraft:grass_block":3,"minecraft:melon":7,"travelersbackpack:white_sleeping_bag":5,"minecraft:cobblestone":1,"minecraft:furnace":1,"minecraft:iron_ore":133,"minecraft:lilac":6,"minecraft:stone_brick_stairs":2,"minecraft:grass":6,"minecraft:oak_log":17,"minecraft:coal_ore":359,"minecraft:gravel":2,"minecraft:dirt":3,"minecraft:smooth_basalt":34,"minecraft:cracked_stone_bricks":2,"minecraft:bamboo":24,"minecraft:stone":174,"minecraft:stone_bricks":1,"minecraft:cake":1,"minecraft:oak_leaves":1,"minecraft:fern":3},"minecraft:dropped":{"minecraft:water_bucket":1,"minecraft:iron_ingot":1,"minecraft:wheat_seeds":2,"minecraft:cooked_beef":1,"minecraft:lilac":6,"tombstone:gift":1,"minecraft:cobblestone":3,"minecraft:grass_block":1,"minecraft:torch":1,"travelersbackpack:white_sleeping_bag":1,"minecraft:arrow":2,"minecraft:wooden_pickaxe":2,"minecraft:stone_pickaxe":2},"minecraft:killed":{"minecraft:spider":2,"minecraft:skeleton":2,"minecraft:sheep":8,"minecraft:zombie":6,"minecraft:enderman":2},"minecraft:picked_up":{"minecraft:crafting_table":3,"minecraft:lilac":6,"minecraft:water_bucket":1,"minecraft:wooden_pickaxe":1,"minecraft:oak_log":17,"minecraft:dirt":6,"minecraft:string":12,"minecraft:bone":2,"minecraft:wheat_seeds":2,"minecraft:stone_pickaxe":1,"minecraft:bamboo":176,"minecraft:melon_slice":38,"minecraft:oak_planks":37,"minecraft:furnace":1,"minecraft:dark_oak_sapling":14,"minecraft:stick":6,"minecraft:raw_iron":132,"minecraft:white_bed":2,"minecraft:grass_block":1,"minecraft:dark_oak_log":122,"minecraft:spider_eye":1,"travelersbackpack:white_sleeping_bag":5,"minecraft:arrow":2,"minecraft:rotten_flesh":9,"minecraft:emerald":7,"minecraft:mutton":11,"minecraft:coal":411,"minecraft:white_wool":8,"minecraft:cobblestone":169},"minecraft:used":{"minecraft:water_bucket":5,"minecraft:stone_pickaxe":154,"minecraft:wooden_pickaxe":24,"spartanshields:iron_tower_shield":5,"minecraft:torch":9,"minecraft:dirt":5,"minecraft:crafting_table":5,"minecraft:white_bed":3,"minecraft:oak_log":1,"minecraft:iron_axe":144,"minecraft:iron_pickaxe":576,"travelersbackpack:white_sleeping_bag":5,"minecraft:stone_axe":113,"minecraft:cobblestone":14,"minecraft:furnace":1,"minecraft:bucket":6,"minecraft:cooked_beef":19},"minecraft:broken":{"minecraft:stone_axe":1},"minecraft:crafted":{"minecraft:oak_planks":64,"minecraft:crafting_table":2,"spartanshields:iron_tower_shield":1,"minecraft:wooden_pickaxe":1,"minecraft:iron_helmet":1,"spartanshields:wooden_tower_shield":1,"minecraft:furnace":1,"minecraft:bucket":1,"minecraft:stone_axe":1,"minecraft:air":0,"travelersbackpack:white_sleeping_bag":1,"minecraft:iron_boots":1,"minecraft:iron_chestplate":1,"minecraft:leather":1,"minecraft:iron_axe":1,"minecraft:stick":12,"minecraft:iron_ingot":84,"minecraft:iron_pickaxe":1,"minecraft:stone_pickaxe":1,"minecraft:iron_leggings":1,"minecraft:white_bed":1,"minecraft:torch":28},"minecraft:killed_by":{"minecraft:zombie":1}},"DataVersion":3465}