{"stats":{"minecraft:custom":{"minecraft:time_since_rest":3339,"minecraft:interact_with_furnace":5,"minecraft:sprint_one_cm":49603,"minecraft:damage_taken":1020,"minecraft:walk_one_cm":55945,"minecraft:mob_kills":16,"minecraft:damage_dealt":2321,"minecraft:swim_one_cm":6478,"minecraft:interact_with_crafting_table":7,"minecraft:fly_one_cm":54002,"minecraft:crouch_one_cm":4050,"minecraft:deaths":1,"minecraft:play_time":24639,"tombstone:undead_killed":7,"minecraft:sneak_time":1439,"minecraft:walk_under_water_one_cm":1272,"minecraft:jump":391,"minecraft:walk_on_water_one_cm":10197,"minecraft:time_since_death":3453,"minecraft:total_world_time":24639,"minecraft:fall_one_cm":10335},"minecraft:mined":{"minecraft:furnace":2,"minecraft:mossy_cobblestone":3,"biomesoplenty:lavender":12,"minecraft:crafting_table":3,"minecraft:grass":34,"biomesoplenty:clover":1,"minecraft:coal_ore":26,"minecraft:oak_log":55,"minecraft:rail":1,"minecraft:vine":1,"minecraft:tall_grass":3,"minecraft:cobblestone":1,"minecraft:stone":16,"biomesoplenty:redwood_wood":24},"minecraft:killed":{"minecraft:zombie":7,"minecraft:pig":6,"minecraft:cow":3},"minecraft:picked_up":{"biomesoplenty:lavender":10,"minecraft:stick":22,"minecraft:crafting_table":3,"minecraft:cooked_porkchop":5,"minecraft:leather":2,"minecraft:porkchop":24,"minecraft:oak_log":55,"minecraft:mossy_cobblestone":3,"biomesoplenty:flowering_oak_sapling":3,"minecraft:rotten_flesh":4,"minecraft:apple":5,"minecraft:wheat_seeds":3,"minecraft:iron_ingot":40,"minecraft:beef":8,"minecraft:oak_sapling":21,"biomesoplenty:redwood_wood":24,"minecraft:coal":74,"minecraft:rail":1,"minecraft:cobblestone":16,"minecraft:furnace":2},"minecraft:used":{"minecraft:oak_log":1,"minecraft:water_bucket":2,"minecraft:apple":5,"minecraft:iron_axe":152,"minecraft:iron_pickaxe":50,"minecraft:iron_sword":19,"minecraft:mossy_cobblestone":1,"minecraft:torch":1,"minecraft:cobblestone":8,"minecraft:crafting_table":4,"minecraft:furnace":2,"minecraft:cooked_porkchop":6,"minecraft:bucket":3},"minecraft:crafted":{"minecraft:oak_planks":40,"minecraft:iron_chestplate":1,"minecraft:cooked_porkchop":9,"minecraft:shield":1,"minecraft:iron_axe":1,"minecraft:crafting_table":2,"minecraft:stick":4,"minecraft:iron_pickaxe":1,"minecraft:iron_sword":1,"minecraft:iron_leggings":1,"minecraft:furnace":1,"minecraft:torch":12,"minecraft:bucket":1,"minecraft:air":0},"minecraft:killed_by":{"minecraft:zombie":1}},"DataVersion":3465}