{"stats":{"minecraft:custom":{"minecraft:interact_with_furnace":5,"minecraft:mob_kills":22,"minecraft:interact_with_crafting_table":7,"minecraft:leave_game":1,"minecraft:time_since_death":7241,"minecraft:time_since_rest":7127,"minecraft:sprint_one_cm":55433,"minecraft:damage_taken":1270,"minecraft:walk_one_cm":65364,"minecraft:damage_dealt":3078,"minecraft:swim_one_cm":6478,"minecraft:fly_one_cm":60049,"minecraft:open_chest":3,"minecraft:crouch_one_cm":4111,"minecraft:play_time":28427,"tombstone:undead_killed":13,"minecraft:deaths":1,"minecraft:sneak_time":1567,"minecraft:walk_under_water_one_cm":1272,"minecraft:jump":472,"minecraft:walk_on_water_one_cm":10197,"minecraft:total_world_time":28427,"minecraft:fall_one_cm":11020},"minecraft:mined":{"minecraft:mossy_cobblestone":4,"minecraft:crafting_table":3,"minecraft:torch":1,"biomesoplenty:bush":1,"minecraft:grass_block":1,"minecraft:tall_grass":3,"minecraft:cobblestone":3,"minecraft:wall_torch":3,"minecraft:furnace":2,"biomesoplenty:lavender":12,"minecraft:grass":34,"biomesoplenty:clover":1,"minecraft:oak_log":55,"minecraft:coal_ore":26,"minecraft:vine":1,"minecraft:rail":1,"minecraft:dirt":3,"minecraft:stone":22,"biomesoplenty:redwood_wood":25},"minecraft:killed":{"minecraft:pig":6,"minecraft:zombie":13,"minecraft:cow":3},"minecraft:picked_up":{"biomesoplenty:lavender":10,"minecraft:crafting_table":3,"minecraft:leather":2,"minecraft:oak_log":55,"minecraft:dirt":4,"minecraft:apple":5,"minecraft:wheat_seeds":3,"minecraft:beef":8,"minecraft:iron_ingot":40,"tombstone:bag_of_seeds":1,"biomesoplenty:redwood_wood":25,"minecraft:furnace":2,"minecraft:stick":22,"minecraft:cooked_porkchop":5,"minecraft:torch":4,"minecraft:porkchop":24,"minecraft:mossy_cobblestone":4,"biomesoplenty:flowering_oak_sapling":3,"minecraft:rotten_flesh":16,"minecraft:oak_sapling":21,"minecraft:coal":74,"minecraft:rail":1,"minecraft:cobblestone":25},"minecraft:used":{"minecraft:water_bucket":3,"minecraft:iron_sword":41,"minecraft:torch":15,"minecraft:mossy_cobblestone":4,"minecraft:dirt":4,"minecraft:crafting_table":4,"minecraft:oak_log":1,"minecraft:apple":5,"minecraft:iron_axe":157,"biomesoplenty:redwood_wood":2,"minecraft:iron_pickaxe":61,"minecraft:cobblestone":8,"minecraft:furnace":2,"minecraft:cooked_porkchop":8,"minecraft:bucket":4},"minecraft:crafted":{"minecraft:oak_planks":40,"minecraft:cooked_porkchop":9,"minecraft:crafting_table":2,"minecraft:iron_sword":1,"minecraft:furnace":1,"minecraft:bucket":1,"minecraft:air":0,"minecraft:iron_chestplate":1,"minecraft:shield":1,"minecraft:iron_axe":1,"minecraft:stick":4,"minecraft:iron_pickaxe":1,"minecraft:iron_leggings":1,"minecraft:torch":12},"minecraft:killed_by":{"minecraft:zombie":1}},"DataVersion":3465}