{"stats":{"minecraft:custom":{"minecraft:time_since_rest":12639,"minecraft:sprint_one_cm":26653,"minecraft:damage_taken":100,"minecraft:walk_one_cm":25726,"minecraft:mob_kills":9,"minecraft:damage_dealt":907,"minecraft:interact_with_crafting_table":4,"minecraft:fly_one_cm":42697,"minecraft:crouch_one_cm":1367,"minecraft:play_time":12639,"minecraft:sneak_time":648,"minecraft:jump":274,"minecraft:time_since_death":12639,"minecraft:total_world_time":12639,"minecraft:fall_one_cm":7796},"minecraft:mined":{"biomesoplenty:lavender":12,"minecraft:crafting_table":1,"minecraft:grass":34,"biomesoplenty:clover":1,"minecraft:oak_log":54,"minecraft:vine":1,"minecraft:tall_grass":3,"minecraft:stone":9,"biomesoplenty:redwood_wood":24},"minecraft:killed":{"minecraft:pig":6,"minecraft:cow":3},"minecraft:picked_up":{"biomesoplenty:lavender":10,"minecraft:stick":22,"minecraft:crafting_table":1,"minecraft:leather":2,"minecraft:porkchop":15,"minecraft:oak_log":54,"biomesoplenty:flowering_oak_sapling":3,"minecraft:apple":5,"minecraft:wheat_seeds":3,"minecraft:iron_ingot":40,"minecraft:beef":8,"minecraft:oak_sapling":21,"biomesoplenty:redwood_wood":24,"minecraft:cobblestone":9},"minecraft:used":{"minecraft:apple":4,"minecraft:iron_axe":137,"minecraft:iron_pickaxe":11,"minecraft:crafting_table":2},"minecraft:crafted":{"minecraft:oak_planks":40,"minecraft:iron_axe":1,"minecraft:crafting_table":2,"minecraft:stick":4,"minecraft:iron_pickaxe":1}},"DataVersion":3465}